{
  "Precision_doc_avg": 0.11109126984126982,
  "Recall_doc_avg": 0.55,
  "F1_score_doc_avg": 0.17782106782106782,
  "Precision_subj_avg": 0.000687442713107241,
  "Recall_subj_avg": 0.0009505380724445801,
  "F1_score_subj_avg": 0.0006838054500749275,
  "Precision_weighted_subj_avg": 0.4708333333333334,
  "Recall_weighted_subj_avg": 0.55,
  "F1_score_weighted_subj_avg": 0.4357142857142858,
  "Precision_microavg": 0.09565217391304348,
  "Recall_microavg": 0.55,
  "F1_score_microavg": 0.16296296296296295,
  "F1@5": 0.17500000000000002,
  "NDCG": 0.3307519944902227,
  "NDCG@5": 0.29831208398426956,
  "NDCG@10": 0.3307519944902227,
  "Precision@1": 0.15,
  "Precision@3": 0.10833333333333332,
  "Precision@5": 0.11166666666666666,
  "LRAP": 0.26260535332373103,
  "True_positives": 11,
  "False_positives": 104,
  "False_negatives": 9,
  "Documents_evaluated": 20
}