{
  "Precision_doc_avg": 0.18333333333333335,
  "Recall_doc_avg": 0.3,
  "F1_score_doc_avg": 0.21666666666666665,
  "Precision_subj_avg": 0.000441321247920698,
  "Recall_subj_avg": 0.00037342567131751366,
  "F1_score_subj_avg": 0.00037003089248735445,
  "Precision_weighted_subj_avg": 0.41666666666666663,
  "Recall_weighted_subj_avg": 0.3,
  "F1_score_weighted_subj_avg": 0.3283333333333333,
  "Precision_microavg": 0.13043478260869565,
  "Recall_microavg": 0.3,
  "F1_score_microavg": 0.18181818181818182,
  "F1@5": 0.21666666666666665,
  "NDCG": 0.25654648767857285,
  "NDCG@5": 0.25654648767857285,
  "NDCG@10": 0.25654648767857285,
  "Precision@1": 0.2,
  "Precision@3": 0.18333333333333332,
  "Precision@5": 0.18333333333333332,
  "LRAP": 0.24173795702210005,
  "True_positives": 6,
  "False_positives": 40,
  "False_negatives": 14,
  "Documents_evaluated": 20
}