{
  "Precision_doc_avg": 0.049999999999999996,
  "Recall_doc_avg": 0.5,
  "F1_score_doc_avg": 0.09090909090909091,
  "Precision_subj_avg": 0.0010122164048865618,
  "Recall_subj_avg": 0.0015008726003490401,
  "F1_score_subj_avg": 0.001162303664921466,
  "Precision_weighted_subj_avg": 0.35,
  "Recall_weighted_subj_avg": 0.5,
  "F1_score_weighted_subj_avg": 0.3966666666666666,
  "Precision_microavg": 0.05,
  "Recall_microavg": 0.5,
  "F1_score_microavg": 0.09090909090909091,
  "F1@5": 0.1166666666666667,
  "NDCG": 0.3338295782689615,
  "NDCG@5": 0.2824356157188728,
  "NDCG@10": 0.3338295782689615,
  "Precision@1": 0.2,
  "Precision@3": 0.09999999999999999,
  "Precision@5": 0.07,
  "LRAP": 0.28302137870855154,
  "True_positives": 10,
  "False_positives": 190,
  "False_negatives": 10,
  "Documents_evaluated": 20
}