{
  "Precision_doc_avg": 0.09047619047619047,
  "Recall_doc_avg": 0.4,
  "F1_score_doc_avg": 0.14254329004329006,
  "Precision_subj_avg": 0.0012547501254750125,
  "Recall_subj_avg": 0.0014698501469850146,
  "F1_score_subj_avg": 0.0012906001290600127,
  "Precision_weighted_subj_avg": 0.375,
  "Recall_weighted_subj_avg": 0.4,
  "F1_score_weighted_subj_avg": 0.3666666666666666,
  "Precision_microavg": 0.08695652173913043,
  "Recall_microavg": 0.4,
  "F1_score_microavg": 0.14285714285714285,
  "F1@5": 0.14,
  "NDCG": 0.27540004710010185,
  "NDCG@5": 0.2596268032608154,
  "NDCG@10": 0.27540004710010185,
  "Precision@1": 0.15,
  "Precision@3": 0.10833333333333332,
  "Precision@5": 0.09,
  "LRAP": 0.2355457266795727,
  "True_positives": 8,
  "False_positives": 84,
  "False_negatives": 12,
  "Documents_evaluated": 20
}