{
  "Precision_doc_avg": 0.05714285714285714,
  "Recall_doc_avg": 0.4,
  "F1_score_doc_avg": 0.1,
  "Precision_subj_avg": 0.000584316933504733,
  "Recall_subj_avg": 0.0006232713957383818,
  "F1_score_subj_avg": 0.0005336761326009894,
  "Precision_weighted_subj_avg": 0.4666666666666667,
  "Recall_weighted_subj_avg": 0.4,
  "F1_score_weighted_subj_avg": 0.38166666666666665,
  "Precision_microavg": 0.05714285714285714,
  "Recall_microavg": 0.4,
  "F1_score_microavg": 0.09999999999999999,
  "F1@5": 0.11666666666666667,
  "NDCG": 0.23676714320304038,
  "NDCG@5": 0.21895678384763925,
  "NDCG@10": 0.23676714320304038,
  "Precision@1": 0.1,
  "Precision@3": 0.06666666666666667,
  "Precision@5": 0.07,
  "LRAP": 0.18507011803202061,
  "True_positives": 8,
  "False_positives": 132,
  "False_negatives": 12,
  "Documents_evaluated": 20
}