{
  "Precision_doc_avg": 0.10970238095238097,
  "Recall_doc_avg": 0.5,
  "F1_score_doc_avg": 0.17634920634920634,
  "Precision_subj_avg": 0.0012152108018737943,
  "Recall_subj_avg": 0.0016055846422338568,
  "F1_score_subj_avg": 0.0012016953378209923,
  "Precision_weighted_subj_avg": 0.44013157894736843,
  "Recall_weighted_subj_avg": 0.5,
  "F1_score_weighted_subj_avg": 0.41071428571428575,
  "Precision_microavg": 0.0847457627118644,
  "Recall_microavg": 0.5,
  "F1_score_microavg": 0.14492753623188406,
  "F1@5": 0.16166666666666668,
  "NDCG": 0.34102351370064066,
  "NDCG@5": 0.3065464876785729,
  "NDCG@10": 0.34102351370064066,
  "Precision@1": 0.2,
  "Precision@3": 0.13333333333333333,
  "Precision@5": 0.1025,
  "LRAP": 0.29058090251807533,
  "True_positives": 10,
  "False_positives": 108,
  "False_negatives": 10,
  "Documents_evaluated": 20
}
